{
  "resources": [
    "combo.m4a",
    "combo.mp3",
    "combo.ogg",
    "combo.ac3"
  ],
  "spritemap": {
    "0": {
      "start": 0,
      "end": 0.9360090702947845,
      "loop": false
    },
    "1": {
      "start": 2,
      "end": 2.6480045351473924,
      "loop": false
    },
    "10": {
      "start": 4,
      "end": 4.792018140589569,
      "loop": false
    }
  }
}